;52;56;60;65;71;79;88;>88;94;>94;110;>110
1;0,35;0,34;0,32;0,31;0,29;0,28;0,26;0,24;0,25;0,24;0,24;0,22
2;0,69;0,67;0,65;0,62;0,58;0,55;0,52;0,47;0,50;0,47;0,47;0,44
3;1,04;1,01;0,97;0,93;0,88;0,83;0,78;0,71;0,76;0,71;0,71;0,66
4;1,39;1,35;1,30;1,23;1,17;1,10;1,04;0,95;1,01;0,95;0,94;0,88
5;1,74;1,68;1,62;1,54;1,46;1,38;1,30;1,18;1,26;1,18;1,18;1,10
6;2,08;2,02;1,95;1,85;1,75;1,65;1,56;1,42;1,51;1,42;1,41;1,32
7;2,43;2,36;2,27;2,16;2,05;1,93;1,82;1,65;1,76;1,65;1,65;1,55
8;2,78;2,69;2,60;2,47;2,34;2,20;2,08;1,89;2,02;1,89;1,88;1,77
9;3,13;3,03;2,92;2,78;2,63;2,48;2,34;2,13;2,27;2,13;2,12;1,99
10;3,47;3,37;3,25;3,09;2,92;2,75;2,60;2,36;2,52;2,36;2,35;2,21
11;3,82;3,70;3,57;3,40;3,22;3,03;2,86;2,60;2,77;2,60;2,59;2,43
12;4,17;4,04;3,90;3,70;3,51;3,31;3,13;2,84;3,02;2,84;2,82;2,65
13;4,51;4,38;4,22;4,01;3,80;3,58;3,39;3,07;3,27;3,07;3,06;2,87
14;4,86;4,71;4,55;4,32;4,09;3,86;3,65;3,31;3,53;3,31;3,29;3,09
15;5,21;5,05;4,87;4,63;4,39;4,13;3,91;3,55;3,78;3,55;3,53;3,31
16;5,56;5,39;5,19;4,94;4,68;4,41;4,17;3,78;4,03;3,78;3,76;3,53
17;5,90;5,72;5,52;5,25;4,97;4,68;4,43;4,02;4,28;4,02;4,00;3,75
18;6,25;6,06;5,84;5,56;5,26;4,96;4,69;4,26;4,53;4,26;4,24;3,97
19;6,60;6,40;6,17;5,86;5,56;5,23;4,95;4,49;4,79;4,49;4,47;4,19
20;6,94;6,73;6,49;6,17;5,85;5,51;5,21;4,73;5,04;4,73;4,71;4,42
21;7,29;7,07;6,82;6,48;6,14;5,79;5,47;4,96;5,29;4,96;4,94;4,64
22;7,64;7,41;7,14;6,79;6,43;6,06;5,73;5,20;5,54;5,20;5,18;4,86
23;7,99;7,74;7,47;7,10;6,73;6,34;5,99;5,44;5,79;5,44;5,41;5,08
24;8,33;8,08;7,79;7,41;7,02;6,61;6,25;5,67;6,05;5,67;5,65;5,30
25;8,68;8,42;8,12;7,72;7,31;6,89;6,51;5,91;6,30;5,91;5,88;5,52
26;9,03;8,75;8,44;8,02;7,60;7,16;6,77;6,15;6,55;6,15;6,12;5,74
27;9,38;9,09;8,77;8,33;7,89;7,44;7,03;6,38;6,80;6,38;6,35;5,96
28;9,72;9,43;9,09;8,64;8,19;7,71;7,29;6,62;7,05;6,62;6,59;6,18
29;10,07;9,76;9,42;8,95;8,48;7,99;7,55;6,86;7,30;6,86;6,82;6,40
30;10,42;10,10;9,74;9,26;8,77;8,26;7,81;7,09;7,56;7,09;7,06;6,62
31;10,76;10,44;10,06;9,57;9,06;8,54;8,07;7,33;7,81;7,33;7,29;6,84
32;11,11;10,77;10,39;9,88;9,36;8,82;8,33;7,57;8,06;7,57;7,53;7,06
33;11,46;11,11;10,71;10,19;9,65;9,09;8,59;7,80;8,31;7,80;7,76;7,28
34;11,81;11,45;11,04;10,49;9,94;9,37;8,85;8,04;8,56;8,04;8,00;7,51
35;12,15;11,78;11,36;10,80;10,23;9,64;9,11;8,27;8,82;8,27;8,24;7,73
36;12,50;12,12;11,69;11,11;10,53;9,92;9,38;8,51;9,07;8,51;8,47;7,95
37;12,85;12,46;12,01;11,42;10,82;10,19;9,64;8,75;9,32;8,75;8,71;8,17
38;13,19;12,79;12,34;11,73;11,11;10,47;9,90;8,98;9,57;8,98;8,94;8,39
39;13,54;13,13;12,66;12,04;11,40;10,74;10,16;9,22;9,82;9,22;9,18;8,61
40;13,89;13,47;12,99;12,35;11,70;11,02;10,42;9,46;10,08;9,46;9,41;8,83
41;14,24;13,80;13,31;12,65;11,99;11,29;10,68;9,69;10,33;9,69;9,65;9,05
42;14,58;14,14;13,64;12,96;12,28;11,57;10,94;9,93;10,58;9,93;9,88;9,27
43;14,93;14,48;13,96;13,27;12,57;11,85;11,20;10,17;10,83;10,17;10,12;9,49
44;15,28;14,81;14,29;13,58;12,87;12,12;11,46;10,40;11,08;10,40;10,35;9,71
45;15,63;15,15;14,61;13,89;13,16;12,40;11,72;10,64;11,34;10,64;10,59;9,93
46;15,97;15,49;14,94;14,20;13,45;12,67;11,98;10,87;11,59;10,87;10,82;10,15
47;16,32;15,82;15,26;14,51;13,74;12,95;12,24;11,11;11,84;11,11;11,06;10,38
48;16,67;16,16;15,58;14,81;14,04;13,22;12,50;11,35;12,09;11,35;11,29;10,60
49;17,01;16,50;15,91;15,12;14,33;13,50;12,76;11,58;12,34;11,58;11,53;10,82
50;17,36;16,84;16,23;15,43;14,62;13,77;13,02;11,82;12,59;11,82;11,76;11,04
51;17,71;17,17;16,56;15,74;14,91;14,05;13,28;12,06;12,85;12,06;12,00;11,26
52;18,06;17,51;16,88;16,05;15,20;14,33;13,54;12,29;13,10;12,29;12,24;11,48
53;18,40;17,85;17,21;16,36;15,50;14,60;13,80;12,53;13,35;12,53;12,47;11,70
54;18,75;18,18;17,53;16,67;15,79;14,88;14,06;12,77;13,60;12,77;12,71;11,92
55;19,10;18,52;17,86;16,98;16,08;15,15;14,32;13,00;13,85;13,00;12,94;12,14
56;19,44;18,86;18,18;17,28;16,37;15,43;14,58;13,24;14,11;13,24;13,18;12,36
57;19,79;19,19;18,51;17,59;16,67;15,70;14,84;13,48;14,36;13,48;13,41;12,58
58;20,14;19,53;18,83;17,90;16,96;15,98;15,10;13,71;14,61;13,71;13,65;12,80
59;20,49;19,87;19,16;18,21;17,25;16,25;15,36;13,95;14,86;13,95;13,88;13,02
60;20,83;20,20;19,48;18,52;17,54;16,53;15,63;14,18;15,11;14,18;14,12;13,25
61;21,18;20,54;19,81;18,83;17,84;16,80;15,89;14,42;15,37;14,42;14,35;13,47
62;21,53;20,88;20,13;19,14;18,13;17,08;16,15;14,66;15,62;14,66;14,59;13,69
63;21,88;21,21;20,45;19,44;18,42;17,36;16,41;14,89;15,87;14,89;14,82;13,91
64;22,22;21,55;20,78;19,75;18,71;17,63;16,67;15,13;16,12;15,13;15,06;14,13
65;22,57;21,89;21,10;20,06;19,01;17,91;16,93;15,37;16,37;15,37;15,29;14,35
66;22,92;22,22;21,43;20,37;19,30;18,18;17,19;15,60;16,62;15,60;15,53;14,57
67;23,26;22,56;21,75;20,68;19,59;18,46;17,45;15,84;16,88;15,84;15,76;14,79
68;23,61;22,90;22,08;20,99;19,88;18,73;17,71;16,08;17,13;16,08;16,00;15,01
69;23,96;23,23;22,40;21,30;20,18;19,01;17,97;16,31;17,38;16,31;16,24;15,23
70;24,31;23,57;22,73;21,60;20,47;19,28;18,23;16,55;17,63;16,55;16,47;15,45
71;24,65;23,91;23,05;21,91;20,76;19,56;18,49;16,78;17,88;16,78;16,71;15,67
72;25,00;24,24;23,38;22,22;21,05;19,83;18,75;17,02;18,14;17,02;16,94;15,89
73;25,35;24,58;23,70;22,53;21,35;20,11;19,01;17,26;18,39;17,26;17,18;16,11
74;25,69;24,92;24,03;22,84;21,64;20,39;19,27;17,49;18,64;17,49;17,41;16,34
75;26,04;25,25;24,35;23,15;21,93;20,66;19,53;17,73;18,89;17,73;17,65;16,56
76;26,39;25,59;24,68;23,46;22,22;20,94;19,79;17,97;19,14;17,97;17,88;16,78
77;26,74;25,93;25,00;23,77;22,51;21,21;20,05;18,20;19,40;18,20;18,12;17,00
78;27,08;26,26;25,32;24,07;22,81;21,49;20,31;18,44;19,65;18,44;18,35;17,22
79;27,43;26,60;25,65;24,38;23,10;21,76;20,57;18,68;19,90;18,68;18,59;17,44
80;27,78;26,94;25,97;24,69;23,39;22,04;20,83;18,91;20,15;18,91;18,82;17,66
81;28,13;27,27;26,30;25,00;23,68;22,31;21,09;19,15;20,40;19,15;19,06;17,88
82;28,47;27,61;26,62;25,31;23,98;22,59;21,35;19,39;20,65;19,39;19,29;18,10
83;28,82;27,95;26,95;25,62;24,27;22,87;21,61;19,62;20,91;19,62;19,53;18,32
84;29,17;28,28;27,27;25,93;24,56;23,14;21,88;19,86;21,16;19,86;19,76;18,54
85;29,51;28,62;27,60;26,23;24,85;23,42;22,14;20,09;21,41;20,09;20,00;18,76
86;29,86;28,96;27,92;26,54;25,15;23,69;22,40;20,33;21,66;20,33;20,24;18,98
87;30,21;29,29;28,25;26,85;25,44;23,97;22,66;20,57;21,91;20,57;20,47;19,21
88;30,56;29,63;28,57;27,16;25,73;24,24;22,92;20,80;22,17;20,80;20,71;19,43
89;30,90;29,97;28,90;27,47;26,02;24,52;23,18;21,04;22,42;21,04;20,94;19,65
90;31,25;30,30;29,22;27,78;26,32;24,79;23,44;21,28;22,67;21,28;21,18;19,87
91;31,60;30,64;29,55;28,09;26,61;25,07;23,70;21,51;22,92;21,51;21,41;20,09
92;31,94;30,98;29,87;28,40;26,90;25,34;23,96;21,75;23,17;21,75;21,65;20,31
93;32,29;31,31;30,19;28,70;27,19;25,62;24,22;21,99;23,43;21,99;21,88;20,53
94;32,64;31,65;30,52;29,01;27,49;25,90;24,48;22,22;23,68;22,22;22,12;20,75
95;32,99;31,99;30,84;29,32;27,78;26,17;24,74;22,46;23,93;22,46;22,35;20,97
96;33,33;32,32;31,17;29,63;28,07;26,45;25,00;22,70;24,18;22,70;22,59;21,19
97;33,68;32,66;31,49;29,94;28,36;26,72;25,26;22,93;24,43;22,93;22,82;21,41
98;34,03;33,00;31,82;30,25;28,65;27,00;25,52;23,17;24,69;23,17;23,06;21,63
99;34,38;33,33;32,14;30,56;28,95;27,27;25,78;23,40;24,94;23,40;23,29;21,85
100;34,72;33,67;32,47;30,86;29,24;27,55;26,04;23,64;25,19;23,64;23,53;22,08
101;35,07;34,01;32,79;31,17;29,53;27,82;26,30;23,88;25,44;23,88;23,76;22,30
102;35,42;34,34;33,12;31,48;29,82;28,10;26,56;24,11;25,69;24,11;24,00;22,52
103;35,76;34,68;33,44;31,79;30,12;28,37;26,82;24,35;25,94;24,35;24,24;22,74
104;36,11;35,02;33,77;32,10;30,41;28,65;27,08;24,59;26,20;24,59;24,47;22,96
105;36,46;35,35;34,09;32,41;30,70;28,93;27,34;24,82;26,45;24,82;24,71;23,18
106;36,81;35,69;34,42;32,72;30,99;29,20;27,60;25,06;26,70;25,06;24,94;23,40
107;37,15;36,03;34,74;33,02;31,29;29,48;27,86;25,30;26,95;25,30;25,18;23,62
108;37,50;36,36;35,06;33,33;31,58;29,75;28,13;25,53;27,20;25,53;25,41;23,84
109;37,85;36,70;35,39;33,64;31,87;30,03;28,39;25,77;27,46;25,77;25,65;24,06
110;38,19;37,04;35,71;33,95;32,16;30,30;28,65;26,00;27,71;26,00;25,88;24,28
111;38,54;37,37;36,04;34,26;32,46;30,58;28,91;26,24;27,96;26,24;26,12;24,50
112;38,89;37,71;36,36;34,57;32,75;30,85;29,17;26,48;28,21;26,48;26,35;24,72
113;39,24;38,05;36,69;34,88;33,04;31,13;29,43;26,71;28,46;26,71;26,59;24,94
114;39,58;38,38;37,01;35,19;33,33;31,40;29,69;26,95;28,72;26,95;26,82;25,17
115;39,93;38,72;37,34;35,49;33,63;31,68;29,95;27,19;28,97;27,19;27,06;25,39
116;40,28;39,06;37,66;35,80;33,92;31,96;30,21;27,42;29,22;27,42;27,29;25,61
117;40,63;39,39;37,99;36,11;34,21;32,23;30,47;27,66;29,47;27,66;27,53;25,83
118;40,97;39,73;38,31;36,42;34,50;32,51;30,73;27,90;29,72;27,90;27,76;26,05
119;41,32;40,07;38,64;36,73;34,80;32,78;30,99;28,13;29,97;28,13;28,00;26,27
120;41,67;40,40;38,96;37,04;35,09;33,06;31,25;28,37;30,23;28,37;28,24;26,49
121;42,01;40,74;39,29;37,35;35,38;33,33;31,51;28,61;30,48;28,61;28,47;26,71
122;42,36;41,08;39,61;37,65;35,67;33,61;31,77;28,84;30,73;28,84;28,71;26,93
123;42,71;41,41;39,94;37,96;35,96;33,88;32,03;29,08;30,98;29,08;28,94;27,15
124;43,06;41,75;40,26;38,27;36,26;34,16;32,29;29,31;31,23;29,31;29,18;27,37
125;43,40;42,09;40,58;38,58;36,55;34,44;32,55;29,55;31,49;29,55;29,41;27,59
126;43,75;42,42;40,91;38,89;36,84;34,71;32,81;29,79;31,74;29,79;29,65;27,81
127;44,10;42,76;41,23;39,20;37,13;34,99;33,07;30,02;31,99;30,02;29,88;28,04
128;44,44;43,10;41,56;39,51;37,43;35,26;33,33;30,26;32,24;30,26;30,12;28,26
129;44,79;43,43;41,88;39,81;37,72;35,54;33,59;30,50;32,49;30,50;30,35;28,48
130;45,14;43,77;42,21;40,12;38,01;35,81;33,85;30,73;32,75;30,73;30,59;28,70
131;45,49;44,11;42,53;40,43;38,30;36,09;34,11;30,97;33,00;30,97;30,82;28,92
132;45,83;44,44;42,86;40,74;38,60;36,36;34,38;31,21;33,25;31,21;31,06;29,14
133;46,18;44,78;43,18;41,05;38,89;36,64;34,64;31,44;33,50;31,44;31,29;29,36
134;46,53;45,12;43,51;41,36;39,18;36,91;34,90;31,68;33,75;31,68;31,53;29,58
135;46,88;45,45;43,83;41,67;39,47;37,19;35,16;31,91;34,01;31,91;31,76;29,80
136;47,22;45,79;44,16;41,98;39,77;37,47;35,42;32,15;34,26;32,15;32,00;30,02
137;47,57;46,13;44,48;42,28;40,06;37,74;35,68;32,39;34,51;32,39;32,24;30,24
138;47,92;46,46;44,81;42,59;40,35;38,02;35,94;32,62;34,76;32,62;32,47;30,46
139;48,26;46,80;45,13;42,90;40,64;38,29;36,20;32,86;35,01;32,86;32,71;30,68
140;48,61;47,14;45,45;43,21;40,94;38,57;36,46;33,10;35,26;33,10;32,94;30,91
141;48,96;47,47;45,78;43,52;41,23;38,84;36,72;33,33;35,52;33,33;33,18;31,13
142;49,31;47,81;46,10;43,83;41,52;39,12;36,98;33,57;35,77;33,57;33,41;31,35
143;49,65;48,15;46,43;44,14;41,81;39,39;37,24;33,81;36,02;33,81;33,65;31,57
144;50,00;48,48;46,75;44,44;42,11;39,67;37,50;34,04;36,27;34,04;33,88;31,79
145;50,35;48,82;47,08;44,75;42,40;39,94;37,76;34,28;36,52;34,28;34,12;32,01
146;50,69;49,16;47,40;45,06;42,69;40,22;38,02;34,52;36,78;34,52;34,35;32,23
147;51,04;49,49;47,73;45,37;42,98;40,50;38,28;34,75;37,03;34,75;34,59;32,45
148;51,39;49,83;48,05;45,68;43,27;40,77;38,54;34,99;37,28;34,99;34,82;32,67
149;51,74;50,17;48,38;45,99;43,57;41,05;38,80;35,22;37,53;35,22;35,06;32,89
150;52,08;50,51;48,70;46,30;43,86;41,32;39,06;35,46;37,78;35,46;35,29;33,11
151;52,43;50,84;49,03;46,60;44,15;41,60;39,32;35,70;38,04;35,70;35,53;33,33
152;52,78;51,18;49,35;46,91;44,44;41,87;39,58;35,93;38,29;35,93;35,76;33,55
153;53,13;51,52;49,68;47,22;44,74;42,15;39,84;36,17;38,54;36,17;36,00;33,77
154;53,47;51,85;50,00;47,53;45,03;42,42;40,10;36,41;38,79;36,41;36,24;34,00
155;53,82;52,19;50,32;47,84;45,32;42,70;40,36;36,64;39,04;36,64;36,47;34,22
156;54,17;52,53;50,65;48,15;45,61;42,98;40,63;36,88;39,29;36,88;36,71;34,44
157;54,51;52,86;50,97;48,46;45,91;43,25;40,89;37,12;39,55;37,12;36,94;34,66
158;54,86;53,20;51,30;48,77;46,20;43,53;41,15;37,35;39,80;37,35;37,18;34,88
159;55,21;53,54;51,62;49,07;46,49;43,80;41,41;37,59;40,05;37,59;37,41;35,10
160;55,56;53,87;51,95;49,38;46,78;44,08;41,67;37,83;40,30;37,83;37,65;35,32
161;55,90;54,21;52,27;49,69;47,08;44,35;41,93;38,06;40,55;38,06;37,88;35,54
162;56,25;54,55;52,60;50,00;47,37;44,63;42,19;38,30;40,81;38,30;38,12;35,76
163;56,60;54,88;52,92;50,31;47,66;44,90;42,45;38,53;41,06;38,53;38,35;35,98
164;56,94;55,22;53,25;50,62;47,95;45,18;42,71;38,77;41,31;38,77;38,59;36,20
165;57,29;55,56;53,57;50,93;48,25;45,45;42,97;39,01;41,56;39,01;38,82;36,42
166;57,64;55,89;53,90;51,23;48,54;45,73;43,23;39,24;41,81;39,24;39,06;36,64
167;57,99;56,23;54,22;51,54;48,83;46,01;43,49;39,48;42,07;39,48;39,29;36,87
168;58,33;56,57;54,55;51,85;49,12;46,28;43,75;39,72;42,32;39,72;39,53;37,09
169;58,68;56,90;54,87;52,16;49,42;46,56;44,01;39,95;42,57;39,95;39,76;37,31
170;59,03;57,24;55,19;52,47;49,71;46,83;44,27;40,19;42,82;40,19;40,00;37,53
171;59,38;57,58;55,52;52,78;50,00;47,11;44,53;40,43;43,07;40,43;40,24;37,75
172;59,72;57,91;55,84;53,09;50,29;47,38;44,79;40,66;43,32;40,66;40,47;37,97
173;60,07;58,25;56,17;53,40;50,58;47,66;45,05;40,90;43,58;40,90;40,71;38,19
174;60,42;58,59;56,49;53,70;50,88;47,93;45,31;41,13;43,83;41,13;40,94;38,41
175;60,76;58,92;56,82;54,01;51,17;48,21;45,57;41,37;44,08;41,37;41,18;38,63
176;61,11;59,26;57,14;54,32;51,46;48,48;45,83;41,61;44,33;41,61;41,41;38,85
177;61,46;59,60;57,47;54,63;51,75;48,76;46,09;41,84;44,58;41,84;41,65;39,07
178;61,81;59,93;57,79;54,94;52,05;49,04;46,35;42,08;44,84;42,08;41,88;39,29
179;62,15;60,27;58,12;55,25;52,34;49,31;46,61;42,32;45,09;42,32;42,12;39,51
180;62,50;60,61;58,44;55,56;52,63;49,59;46,88;42,55;45,34;42,55;42,35;39,74
181;62,85;60,94;58,77;55,86;52,92;49,86;47,14;42,79;45,59;42,79;42,59;39,96
182;63,19;61,28;59,09;56,17;53,22;50,14;47,40;43,03;45,84;43,03;42,82;40,18
183;63,54;61,62;59,42;56,48;53,51;50,41;47,66;43,26;46,10;43,26;43,06;40,40
184;63,89;61,95;59,74;56,79;53,80;50,69;47,92;43,50;46,35;43,50;43,29;40,62
185;64,24;62,29;60,06;57,10;54,09;50,96;48,18;43,74;46,60;43,74;43,53;40,84
186;64,58;62,63;60,39;57,41;54,39;51,24;48,44;43,97;46,85;43,97;43,76;41,06
187;64,93;62,96;60,71;57,72;54,68;51,52;48,70;44,21;47,10;44,21;44,00;41,28
188;65,28;63,30;61,04;58,02;54,97;51,79;48,96;44,44;47,36;44,44;44,24;41,50
189;65,63;63,64;61,36;58,33;55,26;52,07;49,22;44,68;47,61;44,68;44,47;41,72
190;65,97;63,97;61,69;58,64;55,56;52,34;49,48;44,92;47,86;44,92;44,71;41,94
191;66,32;64,31;62,01;58,95;55,85;52,62;49,74;45,15;48,11;45,15;44,94;42,16
192;66,67;64,65;62,34;59,26;56,14;52,89;50,00;45,39;48,36;45,39;45,18;42,38
193;67,01;64,98;62,66;59,57;56,43;53,17;50,26;45,63;48,61;45,63;45,41;42,60
194;67,36;65,32;62,99;59,88;56,73;53,44;50,52;45,86;48,87;45,86;45,65;42,83
195;67,71;65,66;63,31;60,19;57,02;53,72;50,78;46,10;49,12;46,10;45,88;43,05
196;68,06;65,99;63,64;60,49;57,31;53,99;51,04;46,34;49,37;46,34;46,12;43,27
197;68,40;66,33;63,96;60,80;57,60;54,27;51,30;46,57;49,62;46,57;46,35;43,49
198;68,75;66,67;64,29;61,11;57,89;54,55;51,56;46,81;49,87;46,81;46,59;43,71
199;69,10;67,00;64,61;61,42;58,19;54,82;51,82;47,04;50,13;47,04;46,82;43,93
200;69,44;67,34;64,94;61,73;58,48;55,10;52,08;47,28;50,38;47,28;47,06;44,15
201;69,79;67,68;65,26;62,04;58,77;55,37;52,34;47,52;50,63;47,52;47,29;44,37
202;70,14;68,01;65,58;62,35;59,06;55,65;52,60;47,75;50,88;47,75;47,53;44,59
203;70,49;68,35;65,91;62,65;59,36;55,92;52,86;47,99;51,13;47,99;47,76;44,81
204;70,83;68,69;66,23;62,96;59,65;56,20;53,13;48,23;51,39;48,23;48,00;45,03
205;71,18;69,02;66,56;63,27;59,94;56,47;53,39;48,46;51,64;48,46;48,24;45,25
206;71,53;69,36;66,88;63,58;60,23;56,75;53,65;48,70;51,89;48,70;48,47;45,47
207;71,88;69,70;67,21;63,89;60,53;57,02;53,91;48,94;52,14;48,94;48,71;45,70
208;72,22;70,03;67,53;64,20;60,82;57,30;54,17;49,17;52,39;49,17;48,94;45,92
209;72,57;70,37;67,86;64,51;61,11;57,58;54,43;49,41;52,64;49,41;49,18;46,14
210;72,92;70,71;68,18;64,81;61,40;57,85;54,69;49,65;52,90;49,65;49,41;46,36
211;73,26;71,04;68,51;65,12;61,70;58,13;54,95;49,88;53,15;49,88;49,65;46,58
212;73,61;71,38;68,83;65,43;61,99;58,40;55,21;50,12;53,40;50,12;49,88;46,80
213;73,96;71,72;69,16;65,74;62,28;58,68;55,47;50,35;53,65;50,35;50,12;47,02
214;74,31;72,05;69,48;66,05;62,57;58,95;55,73;50,59;53,90;50,59;50,35;47,24
215;74,65;72,39;69,81;66,36;62,87;59,23;55,99;50,83;54,16;50,83;50,59;47,46
216;75,00;72,73;70,13;66,67;63,16;59,50;56,25;51,06;54,41;51,06;50,82;47,68
217;75,35;73,06;70,45;66,98;63,45;59,78;56,51;51,30;54,66;51,30;51,06;47,90
218;75,69;73,40;70,78;67,28;63,74;60,06;56,77;51,54;54,91;51,54;51,29;48,12
219;76,04;73,74;71,10;67,59;64,04;60,33;57,03;51,77;55,16;51,77;51,53;48,34
220;76,39;74,07;71,43;67,90;64,33;60,61;57,29;52,01;55,42;52,01;51,76;48,57
221;76,74;74,41;71,75;68,21;64,62;60,88;57,55;52,25;55,67;52,25;52,00;48,79
222;77,08;74,75;72,08;68,52;64,91;61,16;57,81;52,48;55,92;52,48;52,24;49,01
223;77,43;75,08;72,40;68,83;65,20;61,43;58,07;52,72;56,17;52,72;52,47;49,23
224;77,78;75,42;72,73;69,14;65,50;61,71;58,33;52,96;56,42;52,96;52,71;49,45
225;78,13;75,76;73,05;69,44;65,79;61,98;58,59;53,19;56,68;53,19;52,94;49,67
226;78,47;76,09;73,38;69,75;66,08;62,26;58,85;53,43;56,93;53,43;53,18;49,89
227;78,82;76,43;73,70;70,06;66,37;62,53;59,11;53,66;57,18;53,66;53,41;50,11
228;79,17;76,77;74,03;70,37;66,67;62,81;59,38;53,90;57,43;53,90;53,65;50,33
229;79,51;77,10;74,35;70,68;66,96;63,09;59,64;54,14;57,68;54,14;53,88;50,55
230;79,86;77,44;74,68;70,99;67,25;63,36;59,90;54,37;57,93;54,37;54,12;50,77
231;80,21;77,78;75,00;71,30;67,54;63,64;60,16;54,61;58,19;54,61;54,35;50,99
232;80,56;78,11;75,32;71,60;67,84;63,91;60,42;54,85;58,44;54,85;54,59;51,21
233;80,90;78,45;75,65;71,91;68,13;64,19;60,68;55,08;58,69;55,08;54,82;51,43
234;81,25;78,79;75,97;72,22;68,42;64,46;60,94;55,32;58,94;55,32;55,06;51,66
235;81,60;79,12;76,30;72,53;68,71;64,74;61,20;55,56;59,19;55,56;55,29;51,88
236;81,94;79,46;76,62;72,84;69,01;65,01;61,46;55,79;59,45;55,79;55,53;52,10
237;82,29;79,80;76,95;73,15;69,30;65,29;61,72;56,03;59,70;56,03;55,76;52,32
238;82,64;80,13;77,27;73,46;69,59;65,56;61,98;56,26;59,95;56,26;56,00;52,54
239;82,99;80,47;77,60;73,77;69,88;65,84;62,24;56,50;60,20;56,50;56,24;52,76
240;83,33;80,81;77,92;74,07;70,18;66,12;62,50;56,74;60,45;56,74;56,47;52,98
241;83,68;81,14;78,25;74,38;70,47;66,39;62,76;56,97;60,71;56,97;56,71;53,20
242;84,03;81,48;78,57;74,69;70,76;66,67;63,02;57,21;60,96;57,21;56,94;53,42
243;84,38;81,82;78,90;75,00;71,05;66,94;63,28;57,45;61,21;57,45;57,18;53,64
244;84,72;82,15;79,22;75,31;71,35;67,22;63,54;57,68;61,46;57,68;57,41;53,86
245;85,07;82,49;79,55;75,62;71,64;67,49;63,80;57,92;61,71;57,92;57,65;54,08
246;85,42;82,83;79,87;75,93;71,93;67,77;64,06;58,16;61,96;58,16;57,88;54,30
247;85,76;83,16;80,19;76,23;72,22;68,04;64,32;58,39;62,22;58,39;58,12;54,53
248;86,11;83,50;80,52;76,54;72,51;68,32;64,58;58,63;62,47;58,63;58,35;54,75
249;86,46;83,84;80,84;76,85;72,81;68,60;64,84;58,87;62,72;58,87;58,59;54,97
250;86,81;84,18;81,17;77,16;73,10;68,87;65,10;59,10;62,97;59,10;58,82;55,19
251;87,15;84,51;81,49;77,47;73,39;69,15;65,36;59,34;63,22;59,34;59,06;55,41
252;87,50;84,85;81,82;77,78;73,68;69,42;65,63;59,57;63,48;59,57;59,29;55,63
253;87,85;85,19;82,14;78,09;73,98;69,70;65,89;59,81;63,73;59,81;59,53;55,85
254;88,19;85,52;82,47;78,40;74,27;69,97;66,15;60,05;63,98;60,05;59,76;56,07
255;88,54;85,86;82,79;78,70;74,56;70,25;66,41;60,28;64,23;60,28;60,00;56,29
256;88,89;86,20;83,12;79,01;74,85;70,52;66,67;60,52;64,48;60,52;60,24;56,51
257;89,24;86,53;83,44;79,32;75,15;70,80;66,93;60,76;64,74;60,76;60,47;56,73
258;89,58;86,87;83,77;79,63;75,44;71,07;67,19;60,99;64,99;60,99;60,71;56,95
259;89,93;87,21;84,09;79,94;75,73;71,35;67,45;61,23;65,24;61,23;60,94;57,17
260;90,28;87,54;84,42;80,25;76,02;71,63;67,71;61,47;65,49;61,47;61,18;57,40
261;90,63;87,88;84,74;80,56;76,32;71,90;67,97;61,70;65,74;61,70;61,41;57,62
262;90,97;88,22;85,06;80,86;76,61;72,18;68,23;61,94;65,99;61,94;61,65;57,84
263;91,32;88,55;85,39;81,17;76,90;72,45;68,49;62,17;66,25;62,17;61,88;58,06
264;91,67;88,89;85,71;81,48;77,19;72,73;68,75;62,41;66,50;62,41;62,12;58,28
265;92,01;89,23;86,04;81,79;77,49;73,00;69,01;62,65;66,75;62,65;62,35;58,50
266;92,36;89,56;86,36;82,10;77,78;73,28;69,27;62,88;67,00;62,88;62,59;58,72
267;92,71;89,90;86,69;82,41;78,07;73,55;69,53;63,12;67,25;63,12;62,82;58,94
268;93,06;90,24;87,01;82,72;78,36;73,83;69,79;63,36;67,51;63,36;63,06;59,16
269;93,40;90,57;87,34;83,02;78,65;74,10;70,05;63,59;67,76;63,59;63,29;59,38
270;93,75;90,91;87,66;83,33;78,95;74,38;70,31;63,83;68,01;63,83;63,53;59,60
271;94,10;91,25;87,99;83,64;79,24;74,66;70,57;64,07;68,26;64,07;63,76;59,82
272;94,44;91,58;88,31;83,95;79,53;74,93;70,83;64,30;68,51;64,30;64,00;60,04
273;94,79;91,92;88,64;84,26;79,82;75,21;71,09;64,54;68,77;64,54;64,24;60,26
274;95,14;92,26;88,96;84,57;80,12;75,48;71,35;64,78;69,02;64,78;64,47;60,49
275;95,49;92,59;89,29;84,88;80,41;75,76;71,61;65,01;69,27;65,01;64,71;60,71
276;95,83;92,93;89,61;85,19;80,70;76,03;71,88;65,25;69,52;65,25;64,94;60,93
277;96,18;93,27;89,94;85,49;80,99;76,31;72,14;65,48;69,77;65,48;65,18;61,15
278;96,53;93,60;90,26;85,80;81,29;76,58;72,40;65,72;70,03;65,72;65,41;61,37
279;96,88;93,94;90,58;86,11;81,58;76,86;72,66;65,96;70,28;65,96;65,65;61,59
280;97,22;94,28;90,91;86,42;81,87;77,13;72,92;66,19;70,53;66,19;65,88;61,81
281;97,57;94,61;91,23;86,73;82,16;77,41;73,18;66,43;70,78;66,43;66,12;62,03
282;97,92;94,95;91,56;87,04;82,46;77,69;73,44;66,67;71,03;66,67;66,35;62,25
283;98,26;95,29;91,88;87,35;82,75;77,96;73,70;66,90;71,28;66,90;66,59;62,47
284;98,61;95,62;92,21;87,65;83,04;78,24;73,96;67,14;71,54;67,14;66,82;62,69
285;98,96;95,96;92,53;87,96;83,33;78,51;74,22;67,38;71,79;67,38;67,06;62,91
286;99,31;96,30;92,86;88,27;83,63;78,79;74,48;67,61;72,04;67,61;67,29;63,13
287;99,65;96,63;93,18;88,58;83,92;79,06;74,74;67,85;72,29;67,85;67,53;63,36
288;100,00;96,97;93,51;88,89;84,21;79,34;75,00;68,09;72,54;68,09;67,76;63,58
289;100,35;97,31;93,83;89,20;84,50;79,61;75,26;68,32;72,80;68,32;68,00;63,80
290;100,69;97,64;94,16;89,51;84,80;79,89;75,52;68,56;73,05;68,56;68,24;64,02
291;;97,98;94,48;89,81;85,09;80,17;75,78;68,79;73,30;68,79;68,47;64,24
292;;98,32;94,81;90,12;85,38;80,44;76,04;69,03;73,55;69,03;68,71;64,46
293;;98,65;95,13;90,43;85,67;80,72;76,30;69,27;73,80;69,27;68,94;64,68
294;;98,99;95,45;90,74;85,96;80,99;76,56;69,50;74,06;69,50;69,18;64,90
295;;99,33;95,78;91,05;86,26;81,27;76,82;69,74;74,31;69,74;69,41;65,12
296;;99,66;96,10;91,36;86,55;81,54;77,08;69,98;74,56;69,98;69,65;65,34
297;;100,00;96,43;91,67;86,84;81,82;77,34;70,21;74,81;70,21;69,88;65,56
298;;;96,75;91,98;87,13;82,09;77,60;70,45;75,06;70,45;70,12;65,78
299;;;97,08;92,28;87,43;82,37;77,86;70,69;75,31;70,69;70,35;66,00
300;;;97,40;92,59;87,72;82,64;78,13;70,92;75,57;70,92;70,59;66,23
301;;;97,73;92,90;88,01;82,92;78,39;71,16;75,82;71,16;70,82;66,45
302;;;98,05;93,21;88,30;83,20;78,65;71,39;76,07;71,39;71,06;66,67
303;;;98,38;93,52;88,60;83,47;78,91;71,63;76,32;71,63;71,29;66,89
304;;;98,70;93,83;88,89;83,75;79,17;71,87;76,57;71,87;71,53;67,11
305;;;99,03;94,14;89,18;84,02;79,43;72,10;76,83;72,10;71,76;67,33
306;;;99,35;94,44;89,47;84,30;79,69;72,34;77,08;72,34;72,00;67,55
307;;;99,68;94,75;89,77;84,57;79,95;72,58;77,33;72,58;72,24;67,77
308;;;100,00;95,06;90,06;84,85;80,21;72,81;77,58;72,81;72,47;67,99
309;;;;95,37;90,35;85,12;80,47;73,05;77,83;73,05;72,71;68,21
310;;;;95,68;90,64;85,40;80,73;73,29;78,09;73,29;72,94;68,43
311;;;;95,99;90,94;85,67;80,99;73,52;78,34;73,52;73,18;68,65
312;;;;96,30;91,23;85,95;81,25;73,76;78,59;73,76;73,41;68,87
313;;;;96,60;91,52;86,23;81,51;74,00;78,84;74,00;73,65;69,09
314;;;;96,91;91,81;86,50;81,77;74,23;79,09;74,23;73,88;69,32
315;;;;97,22;92,11;86,78;82,03;74,47;79,35;74,47;74,12;69,54
316;;;;97,53;92,40;87,05;82,29;74,70;79,60;74,70;74,35;69,76
317;;;;97,84;92,69;87,33;82,55;74,94;79,85;74,94;74,59;69,98
318;;;;98,15;92,98;87,60;82,81;75,18;80,10;75,18;74,82;70,20
319;;;;98,46;93,27;87,88;83,07;75,41;80,35;75,41;75,06;70,42
320;;;;98,77;93,57;88,15;83,33;75,65;80,60;75,65;75,29;70,64
321;;;;99,07;93,86;88,43;83,59;75,89;80,86;75,89;75,53;70,86
322;;;;99,38;94,15;88,71;83,85;76,12;81,11;76,12;75,76;71,08
323;;;;99,69;94,44;88,98;84,11;76,36;81,36;76,36;76,00;71,30
324;;;;100,00;94,74;89,26;84,38;76,60;81,61;76,60;76,24;71,52
325;;;;;95,03;89,53;84,64;76,83;81,86;76,83;76,47;71,74
326;;;;;95,32;89,81;84,90;77,07;82,12;77,07;76,71;71,96
327;;;;;95,61;90,08;85,16;77,30;82,37;77,30;76,94;72,19
328;;;;;95,91;90,36;85,42;77,54;82,62;77,54;77,18;72,41
329;;;;;96,20;90,63;85,68;77,78;82,87;77,78;77,41;72,63
330;;;;;96,49;90,91;85,94;78,01;83,12;78,01;77,65;72,85
331;;;;;96,78;91,18;86,20;78,25;83,38;78,25;77,88;73,07
332;;;;;97,08;91,46;86,46;78,49;83,63;78,49;78,12;73,29
333;;;;;97,37;91,74;86,72;78,72;83,88;78,72;78,35;73,51
334;;;;;97,66;92,01;86,98;78,96;84,13;78,96;78,59;73,73
335;;;;;97,95;92,29;87,24;79,20;84,38;79,20;78,82;73,95
336;;;;;98,25;92,56;87,50;79,43;84,63;79,43;79,06;74,17
337;;;;;98,54;92,84;87,76;79,67;84,89;79,67;79,29;74,39
338;;;;;98,83;93,11;88,02;79,91;85,14;79,91;79,53;74,61
339;;;;;99,12;93,39;88,28;80,14;85,39;80,14;79,76;74,83
340;;;;;99,42;93,66;88,54;80,38;85,64;80,38;80,00;75,06
341;;;;;99,71;93,94;88,80;80,61;85,89;80,61;80,24;75,28
342;;;;;100,00;94,21;89,06;80,85;86,15;80,85;80,47;75,50
343;;;;;;94,49;89,32;81,09;86,40;81,09;80,71;75,72
344;;;;;;94,77;89,58;81,32;86,65;81,32;80,94;75,94
345;;;;;;95,04;89,84;81,56;86,90;81,56;81,18;76,16
346;;;;;;95,32;90,10;81,80;87,15;81,80;81,41;76,38
347;;;;;;95,59;90,36;82,03;87,41;82,03;81,65;76,60
348;;;;;;95,87;90,63;82,27;87,66;82,27;81,88;76,82
349;;;;;;96,14;90,89;82,51;87,91;82,51;82,12;77,04
350;;;;;;96,42;91,15;82,74;88,16;82,74;82,35;77,26
351;;;;;;96,69;91,41;82,98;88,41;82,98;82,59;77,48
352;;;;;;96,97;91,67;83,22;88,66;83,22;82,82;77,70
353;;;;;;97,25;91,93;83,45;88,92;83,45;83,06;77,92
354;;;;;;97,52;92,19;83,69;89,17;83,69;83,29;78,15
355;;;;;;97,80;92,45;83,92;89,42;83,92;83,53;78,37
356;;;;;;98,07;92,71;84,16;89,67;84,16;83,76;78,59
357;;;;;;98,35;92,97;84,40;89,92;84,40;84,00;78,81
358;;;;;;98,62;93,23;84,63;90,18;84,63;84,24;79,03
359;;;;;;98,90;93,49;84,87;90,43;84,87;84,47;79,25
360;;;;;;99,17;93,75;85,11;90,68;85,11;84,71;79,47
361;;;;;;99,45;94,01;85,34;90,93;85,34;84,94;79,69
362;;;;;;99,72;94,27;85,58;91,18;85,58;85,18;79,91
363;;;;;;100,00;94,53;85,82;91,44;85,82;85,41;80,13
364;;;;;;;94,79;86,05;91,69;86,05;85,65;80,35
365;;;;;;;95,05;86,29;91,94;86,29;85,88;80,57
366;;;;;;;95,31;86,52;92,19;86,52;86,12;80,79
367;;;;;;;95,57;86,76;92,44;86,76;86,35;81,02
368;;;;;;;95,83;87,00;92,70;87,00;86,59;81,24
369;;;;;;;96,09;87,23;92,95;87,23;86,82;81,46
370;;;;;;;96,35;87,47;93,20;87,47;87,06;81,68
371;;;;;;;96,61;87,71;93,45;87,71;87,29;81,90
372;;;;;;;96,88;87,94;93,70;87,94;87,53;82,12
373;;;;;;;97,14;88,18;93,95;88,18;87,76;82,34
374;;;;;;;97,40;88,42;94,21;88,42;88,00;82,56
375;;;;;;;97,66;88,65;94,46;88,65;88,24;82,78
376;;;;;;;97,92;88,89;94,71;88,89;88,47;83,00
377;;;;;;;98,18;89,13;94,96;89,13;88,71;83,22
378;;;;;;;98,44;89,36;95,21;89,36;88,94;83,44
379;;;;;;;98,70;89,60;95,47;89,60;89,18;83,66
380;;;;;;;98,96;89,83;95,72;89,83;89,41;83,89
381;;;;;;;99,22;90,07;95,97;90,07;89,65;84,11
382;;;;;;;99,48;90,31;96,22;90,31;89,88;84,33
383;;;;;;;99,74;90,54;96,47;90,54;90,12;84,55
384;;;;;;;100,00;90,78;96,73;90,78;90,35;84,77
385;;;;;;;;91,02;96,98;91,02;90,59;84,99
386;;;;;;;;91,25;97,23;91,25;90,82;85,21
387;;;;;;;;91,49;97,48;91,49;91,06;85,43
388;;;;;;;;91,73;97,73;91,73;91,29;85,65
389;;;;;;;;91,96;97,98;91,96;91,53;85,87
390;;;;;;;;92,20;98,24;92,20;91,76;86,09
391;;;;;;;;92,43;98,49;92,43;92,00;86,31
392;;;;;;;;92,67;98,74;92,67;92,24;86,53
393;;;;;;;;92,91;98,99;92,91;92,47;86,75
394;;;;;;;;93,14;99,24;93,14;92,71;86,98
395;;;;;;;;93,38;99,50;93,38;92,94;87,20
396;;;;;;;;93,62;99,75;93,62;93,18;87,42
396;;;;;;;;93,62;99,75;93,62;93,18;87,42
397;;;;;;;;93,85;100,00;93,85;93,41;87,64
398;;;;;;;;94,09;100,25;94,09;93,65;87,86
399;;;;;;;;94,33;100,50;94,33;93,88;88,08
400;;;;;;;;94,56;100,76;94,56;94,12;88,30
401;;;;;;;;94,80;101,01;94,80;94,35;88,52
402;;;;;;;;95,04;101,26;95,04;94,59;88,74
403;;;;;;;;95,27;101,51;95,27;94,82;88,96
404;;;;;;;;95,51;101,76;95,51;95,06;89,18
405;;;;;;;;95,74;102,02;95,74;95,29;89,40
406;;;;;;;;95,98;;95,98;95,53;89,62
407;;;;;;;;96,22;;96,22;95,76;89,85
408;;;;;;;;96,45;;96,45;96,00;90,07
409;;;;;;;;96,69;;96,69;96,24;90,29
410;;;;;;;;96,93;;96,93;96,47;90,51
411;;;;;;;;97,16;;97,16;96,71;90,73
412;;;;;;;;97,40;;97,40;96,94;90,95
413;;;;;;;;97,64;;97,64;97,18;91,17
414;;;;;;;;97,87;;97,87;97,41;91,39
415;;;;;;;;98,11;;98,11;97,65;91,61
416;;;;;;;;98,35;;98,35;97,88;91,83
417;;;;;;;;98,58;;98,58;98,12;92,05
418;;;;;;;;98,82;;98,82;98,35;92,27
419;;;;;;;;99,05;;99,05;98,59;92,49
420;;;;;;;;99,29;;99,29;98,82;92,72
421;;;;;;;;99,53;;99,53;99,06;92,94
422;;;;;;;;99,76;;99,76;99,29;93,16
423;;;;;;;;100,00;;100,00;99,53;93,38
424;;;;;;;;;;;99,76;93,60
425;;;;;;;;;;;100,00;93,82
426;;;;;;;;;;;;94,04
427;;;;;;;;;;;;94,26
428;;;;;;;;;;;;94,48
429;;;;;;;;;;;;94,70
430;;;;;;;;;;;;94,92
431;;;;;;;;;;;;95,14
432;;;;;;;;;;;;95,36
433;;;;;;;;;;;;95,58
434;;;;;;;;;;;;95,81
435;;;;;;;;;;;;96,03
436;;;;;;;;;;;;96,25
437;;;;;;;;;;;;96,47
438;;;;;;;;;;;;96,69
439;;;;;;;;;;;;96,91
440;;;;;;;;;;;;97,13
441;;;;;;;;;;;;97,35
442;;;;;;;;;;;;97,57
443;;;;;;;;;;;;97,79
444;;;;;;;;;;;;98,01
445;;;;;;;;;;;;98,23
446;;;;;;;;;;;;98,45
447;;;;;;;;;;;;98,68
448;;;;;;;;;;;;98,90
449;;;;;;;;;;;;99,12
450;;;;;;;;;;;;99,34
451;;;;;;;;;;;;99,56
452;;;;;;;;;;;;99,78
453;;;;;;;;;;;;100,00
